Look,Strength,Color filter,ICC name,File
Standard,25,,Feica Fotos-Q1-Standard-S025-v1,colors/LeicaQTyp116-FeicaFotos-Standard-S025-v1.icm
Standard,50,,Feica Fotos-Q1-Standard-S050-v1,colors/LeicaQTyp116-FeicaFotos-Standard-S050-v1.icm
Standard,75,,Feica Fotos-Q1-Standard-S075-v1,colors/LeicaQTyp116-FeicaFotos-Standard-S075-v1.icm
Standard,100,,Feica Fotos-Q1-Standard-S100-v1,colors/LeicaQTyp116-FeicaFotos-Standard-S100-v1.icm
Vivid,25,,Feica Fotos-Q1-Vivid-S025-v1,colors/LeicaQTyp116-FeicaFotos-Vivid-S025-v1.icm
Vivid,50,,Feica Fotos-Q1-Vivid-S050-v1,colors/LeicaQTyp116-FeicaFotos-Vivid-S050-v1.icm
Vivid,75,,Feica Fotos-Q1-Vivid-S075-v1,colors/LeicaQTyp116-FeicaFotos-Vivid-S075-v1.icm
Vivid,100,,Feica Fotos-Q1-Vivid-S100-v1,colors/LeicaQTyp116-FeicaFotos-Vivid-S100-v1.icm
Natural,25,,Feica Fotos-Q1-Natural-S025-v1,colors/LeicaQTyp116-FeicaFotos-Natural-S025-v1.icm
Natural,50,,Feica Fotos-Q1-Natural-S050-v1,colors/LeicaQTyp116-FeicaFotos-Natural-S050-v1.icm
Natural,75,,Feica Fotos-Q1-Natural-S075-v1,colors/LeicaQTyp116-FeicaFotos-Natural-S075-v1.icm
Natural,100,,Feica Fotos-Q1-Natural-S100-v1,colors/LeicaQTyp116-FeicaFotos-Natural-S100-v1.icm
Monochrome Natural,25,,Feica Fotos-Q1-MonochromeNatural-S025-v1,monochrome/LeicaQTyp116-FeicaFotos-MonochromeNatural-S025-v1.icm
Monochrome Natural,50,,Feica Fotos-Q1-MonochromeNatural-S050-v1,monochrome/LeicaQTyp116-FeicaFotos-MonochromeNatural-S050-v1.icm
Monochrome Natural,75,,Feica Fotos-Q1-MonochromeNatural-S075-v1,monochrome/LeicaQTyp116-FeicaFotos-MonochromeNatural-S075-v1.icm
Monochrome Natural,100,,Feica Fotos-Q1-MonochromeNatural-S100-v1,monochrome/LeicaQTyp116-FeicaFotos-MonochromeNatural-S100-v1.icm
Monochrome Natural,25,red,Feica Fotos-Q1-MonochromeNatural-S025-FilterRed-v1,attachments/monochrome_natural/LeicaQTyp116-FeicaFotos-MonochromeNatural-S025-FilterRed-v1.icm
Monochrome Natural,50,red,Feica Fotos-Q1-MonochromeNatural-S050-FilterRed-v1,attachments/monochrome_natural/LeicaQTyp116-FeicaFotos-MonochromeNatural-S050-FilterRed-v1.icm
Monochrome Natural,75,red,Feica Fotos-Q1-MonochromeNatural-S075-FilterRed-v1,attachments/monochrome_natural/LeicaQTyp116-FeicaFotos-MonochromeNatural-S075-FilterRed-v1.icm
Monochrome Natural,100,red,Feica Fotos-Q1-MonochromeNatural-S100-FilterRed-v1,attachments/monochrome_natural/LeicaQTyp116-FeicaFotos-MonochromeNatural-S100-FilterRed-v1.icm
Monochrome Natural,25,orange,Feica Fotos-Q1-MonochromeNatural-S025-FilterOrange-v1,attachments/monochrome_natural/LeicaQTyp116-FeicaFotos-MonochromeNatural-S025-FilterOrange-v1.icm
Monochrome Natural,50,orange,Feica Fotos-Q1-MonochromeNatural-S050-FilterOrange-v1,attachments/monochrome_natural/LeicaQTyp116-FeicaFotos-MonochromeNatural-S050-FilterOrange-v1.icm
Monochrome Natural,75,orange,Feica Fotos-Q1-MonochromeNatural-S075-FilterOrange-v1,attachments/monochrome_natural/LeicaQTyp116-FeicaFotos-MonochromeNatural-S075-FilterOrange-v1.icm
Monochrome Natural,100,orange,Feica Fotos-Q1-MonochromeNatural-S100-FilterOrange-v1,attachments/monochrome_natural/LeicaQTyp116-FeicaFotos-MonochromeNatural-S100-FilterOrange-v1.icm
Monochrome Natural,25,yellow,Feica Fotos-Q1-MonochromeNatural-S025-FilterYellow-v1,attachments/monochrome_natural/LeicaQTyp116-FeicaFotos-MonochromeNatural-S025-FilterYellow-v1.icm
Monochrome Natural,50,yellow,Feica Fotos-Q1-MonochromeNatural-S050-FilterYellow-v1,attachments/monochrome_natural/LeicaQTyp116-FeicaFotos-MonochromeNatural-S050-FilterYellow-v1.icm
Monochrome Natural,75,yellow,Feica Fotos-Q1-MonochromeNatural-S075-FilterYellow-v1,attachments/monochrome_natural/LeicaQTyp116-FeicaFotos-MonochromeNatural-S075-FilterYellow-v1.icm
Monochrome Natural,100,yellow,Feica Fotos-Q1-MonochromeNatural-S100-FilterYellow-v1,attachments/monochrome_natural/LeicaQTyp116-FeicaFotos-MonochromeNatural-S100-FilterYellow-v1.icm
Monochrome Natural,25,green,Feica Fotos-Q1-MonochromeNatural-S025-FilterGreen-v1,attachments/monochrome_natural/LeicaQTyp116-FeicaFotos-MonochromeNatural-S025-FilterGreen-v1.icm
Monochrome Natural,50,green,Feica Fotos-Q1-MonochromeNatural-S050-FilterGreen-v1,attachments/monochrome_natural/LeicaQTyp116-FeicaFotos-MonochromeNatural-S050-FilterGreen-v1.icm
Monochrome Natural,75,green,Feica Fotos-Q1-MonochromeNatural-S075-FilterGreen-v1,attachments/monochrome_natural/LeicaQTyp116-FeicaFotos-MonochromeNatural-S075-FilterGreen-v1.icm
Monochrome Natural,100,green,Feica Fotos-Q1-MonochromeNatural-S100-FilterGreen-v1,attachments/monochrome_natural/LeicaQTyp116-FeicaFotos-MonochromeNatural-S100-FilterGreen-v1.icm
Monochrome Natural,25,blue,Feica Fotos-Q1-MonochromeNatural-S025-FilterBlue-v1,attachments/monochrome_natural/LeicaQTyp116-FeicaFotos-MonochromeNatural-S025-FilterBlue-v1.icm
Monochrome Natural,50,blue,Feica Fotos-Q1-MonochromeNatural-S050-FilterBlue-v1,attachments/monochrome_natural/LeicaQTyp116-FeicaFotos-MonochromeNatural-S050-FilterBlue-v1.icm
Monochrome Natural,75,blue,Feica Fotos-Q1-MonochromeNatural-S075-FilterBlue-v1,attachments/monochrome_natural/LeicaQTyp116-FeicaFotos-MonochromeNatural-S075-FilterBlue-v1.icm
Monochrome Natural,100,blue,Feica Fotos-Q1-MonochromeNatural-S100-FilterBlue-v1,attachments/monochrome_natural/LeicaQTyp116-FeicaFotos-MonochromeNatural-S100-FilterBlue-v1.icm
Monochrome High Contrast,25,,Feica Fotos-Q1-MonochromeHighContrast-S025-v1,monochrome/LeicaQTyp116-FeicaFotos-MonochromeHighContrast-S025-v1.icm
Monochrome High Contrast,50,,Feica Fotos-Q1-MonochromeHighContrast-S050-v1,monochrome/LeicaQTyp116-FeicaFotos-MonochromeHighContrast-S050-v1.icm
Monochrome High Contrast,75,,Feica Fotos-Q1-MonochromeHighContrast-S075-v1,monochrome/LeicaQTyp116-FeicaFotos-MonochromeHighContrast-S075-v1.icm
Monochrome High Contrast,100,,Feica Fotos-Q1-MonochromeHighContrast-S100-v1,monochrome/LeicaQTyp116-FeicaFotos-MonochromeHighContrast-S100-v1.icm
Monochrome High Contrast,25,red,Feica Fotos-Q1-MonochromeHighContrast-S025-FilterRed-v1,attachments/monochrome_high_contrast/LeicaQTyp116-FeicaFotos-MonochromeHighContrast-S025-FilterRed-v1.icm
Monochrome High Contrast,50,red,Feica Fotos-Q1-MonochromeHighContrast-S050-FilterRed-v1,attachments/monochrome_high_contrast/LeicaQTyp116-FeicaFotos-MonochromeHighContrast-S050-FilterRed-v1.icm
Monochrome High Contrast,75,red,Feica Fotos-Q1-MonochromeHighContrast-S075-FilterRed-v1,attachments/monochrome_high_contrast/LeicaQTyp116-FeicaFotos-MonochromeHighContrast-S075-FilterRed-v1.icm
Monochrome High Contrast,100,red,Feica Fotos-Q1-MonochromeHighContrast-S100-FilterRed-v1,attachments/monochrome_high_contrast/LeicaQTyp116-FeicaFotos-MonochromeHighContrast-S100-FilterRed-v1.icm
Monochrome High Contrast,25,orange,Feica Fotos-Q1-MonochromeHighContrast-S025-FilterOrange-v1,attachments/monochrome_high_contrast/LeicaQTyp116-FeicaFotos-MonochromeHighContrast-S025-FilterOrange-v1.icm
Monochrome High Contrast,50,orange,Feica Fotos-Q1-MonochromeHighContrast-S050-FilterOrange-v1,attachments/monochrome_high_contrast/LeicaQTyp116-FeicaFotos-MonochromeHighContrast-S050-FilterOrange-v1.icm
Monochrome High Contrast,75,orange,Feica Fotos-Q1-MonochromeHighContrast-S075-FilterOrange-v1,attachments/monochrome_high_contrast/LeicaQTyp116-FeicaFotos-MonochromeHighContrast-S075-FilterOrange-v1.icm
Monochrome High Contrast,100,orange,Feica Fotos-Q1-MonochromeHighContrast-S100-FilterOrange-v1,attachments/monochrome_high_contrast/LeicaQTyp116-FeicaFotos-MonochromeHighContrast-S100-FilterOrange-v1.icm
Monochrome High Contrast,25,yellow,Feica Fotos-Q1-MonochromeHighContrast-S025-FilterYellow-v1,attachments/monochrome_high_contrast/LeicaQTyp116-FeicaFotos-MonochromeHighContrast-S025-FilterYellow-v1.icm
Monochrome High Contrast,50,yellow,Feica Fotos-Q1-MonochromeHighContrast-S050-FilterYellow-v1,attachments/monochrome_high_contrast/LeicaQTyp116-FeicaFotos-MonochromeHighContrast-S050-FilterYellow-v1.icm
Monochrome High Contrast,75,yellow,Feica Fotos-Q1-MonochromeHighContrast-S075-FilterYellow-v1,attachments/monochrome_high_contrast/LeicaQTyp116-FeicaFotos-MonochromeHighContrast-S075-FilterYellow-v1.icm
Monochrome High Contrast,100,yellow,Feica Fotos-Q1-MonochromeHighContrast-S100-FilterYellow-v1,attachments/monochrome_high_contrast/LeicaQTyp116-FeicaFotos-MonochromeHighContrast-S100-FilterYellow-v1.icm
Monochrome High Contrast,25,green,Feica Fotos-Q1-MonochromeHighContrast-S025-FilterGreen-v1,attachments/monochrome_high_contrast/LeicaQTyp116-FeicaFotos-MonochromeHighContrast-S025-FilterGreen-v1.icm
Monochrome High Contrast,50,green,Feica Fotos-Q1-MonochromeHighContrast-S050-FilterGreen-v1,attachments/monochrome_high_contrast/LeicaQTyp116-FeicaFotos-MonochromeHighContrast-S050-FilterGreen-v1.icm
Monochrome High Contrast,75,green,Feica Fotos-Q1-MonochromeHighContrast-S075-FilterGreen-v1,attachments/monochrome_high_contrast/LeicaQTyp116-FeicaFotos-MonochromeHighContrast-S075-FilterGreen-v1.icm
Monochrome High Contrast,100,green,Feica Fotos-Q1-MonochromeHighContrast-S100-FilterGreen-v1,attachments/monochrome_high_contrast/LeicaQTyp116-FeicaFotos-MonochromeHighContrast-S100-FilterGreen-v1.icm
Monochrome High Contrast,25,blue,Feica Fotos-Q1-MonochromeHighContrast-S025-FilterBlue-v1,attachments/monochrome_high_contrast/LeicaQTyp116-FeicaFotos-MonochromeHighContrast-S025-FilterBlue-v1.icm
Monochrome High Contrast,50,blue,Feica Fotos-Q1-MonochromeHighContrast-S050-FilterBlue-v1,attachments/monochrome_high_contrast/LeicaQTyp116-FeicaFotos-MonochromeHighContrast-S050-FilterBlue-v1.icm
Monochrome High Contrast,75,blue,Feica Fotos-Q1-MonochromeHighContrast-S075-FilterBlue-v1,attachments/monochrome_high_contrast/LeicaQTyp116-FeicaFotos-MonochromeHighContrast-S075-FilterBlue-v1.icm
Monochrome High Contrast,100,blue,Feica Fotos-Q1-MonochromeHighContrast-S100-FilterBlue-v1,attachments/monochrome_high_contrast/LeicaQTyp116-FeicaFotos-MonochromeHighContrast-S100-FilterBlue-v1.icm
Steve McCurry,0,,Feica Fotos-Q1-Steve-S000-v1,artist/LeicaQTyp116-FeicaFotos-Steve-S000-v1.icm
Steve McCurry,25,,Feica Fotos-Q1-Steve-S025-v1,artist/LeicaQTyp116-FeicaFotos-Steve-S025-v1.icm
Steve McCurry,50,,Feica Fotos-Q1-Steve-S050-v1,artist/LeicaQTyp116-FeicaFotos-Steve-S050-v1.icm
Steve McCurry,75,,Feica Fotos-Q1-Steve-S075-v1,artist/LeicaQTyp116-FeicaFotos-Steve-S075-v1.icm
Steve McCurry,100,,Feica Fotos-Q1-Steve-S100-v1,artist/LeicaQTyp116-FeicaFotos-Steve-S100-v1.icm
Eternal,25,,Feica Fotos-Q1-Eternal-S025-v1,colors/LeicaQTyp116-FeicaFotos-Eternal-S025-v1.icm
Eternal,50,,Feica Fotos-Q1-Eternal-S050-v1,colors/LeicaQTyp116-FeicaFotos-Eternal-S050-v1.icm
Eternal,75,,Feica Fotos-Q1-Eternal-S075-v1,colors/LeicaQTyp116-FeicaFotos-Eternal-S075-v1.icm
Eternal,100,,Feica Fotos-Q1-Eternal-S100-v1,colors/LeicaQTyp116-FeicaFotos-Eternal-S100-v1.icm
Greg Williams,0,,Feica Fotos-Q1-Greg-S000-v1,artist/LeicaQTyp116-FeicaFotos-Greg-S000-v1.icm
Greg Williams,25,,Feica Fotos-Q1-Greg-S025-v1,artist/LeicaQTyp116-FeicaFotos-Greg-S025-v1.icm
Greg Williams,50,,Feica Fotos-Q1-Greg-S050-v1,artist/LeicaQTyp116-FeicaFotos-Greg-S050-v1.icm
Greg Williams,75,,Feica Fotos-Q1-Greg-S075-v1,artist/LeicaQTyp116-FeicaFotos-Greg-S075-v1.icm
Greg Williams,100,,Feica Fotos-Q1-Greg-S100-v1,artist/LeicaQTyp116-FeicaFotos-Greg-S100-v1.icm
Leica I Model A (1925),25,,Feica Fotos-Q1-HundredYears-S025-v1,monochrome/LeicaQTyp116-FeicaFotos-HundredYears-S025-v1.icm
Leica I Model A (1925),50,,Feica Fotos-Q1-HundredYears-S050-v1,monochrome/LeicaQTyp116-FeicaFotos-HundredYears-S050-v1.icm
Leica I Model A (1925),75,,Feica Fotos-Q1-HundredYears-S075-v1,monochrome/LeicaQTyp116-FeicaFotos-HundredYears-S075-v1.icm
Leica I Model A (1925),100,,Feica Fotos-Q1-HundredYears-S100-v1,monochrome/LeicaQTyp116-FeicaFotos-HundredYears-S100-v1.icm
Leica I Model A (1925),25,red,Feica Fotos-Q1-HundredYears-S025-FilterRed-v1,attachments/hundred_years/LeicaQTyp116-FeicaFotos-HundredYears-S025-FilterRed-v1.icm
Leica I Model A (1925),50,red,Feica Fotos-Q1-HundredYears-S050-FilterRed-v1,attachments/hundred_years/LeicaQTyp116-FeicaFotos-HundredYears-S050-FilterRed-v1.icm
Leica I Model A (1925),75,red,Feica Fotos-Q1-HundredYears-S075-FilterRed-v1,attachments/hundred_years/LeicaQTyp116-FeicaFotos-HundredYears-S075-FilterRed-v1.icm
Leica I Model A (1925),100,red,Feica Fotos-Q1-HundredYears-S100-FilterRed-v1,attachments/hundred_years/LeicaQTyp116-FeicaFotos-HundredYears-S100-FilterRed-v1.icm
Leica I Model A (1925),25,orange,Feica Fotos-Q1-HundredYears-S025-FilterOrange-v1,attachments/hundred_years/LeicaQTyp116-FeicaFotos-HundredYears-S025-FilterOrange-v1.icm
Leica I Model A (1925),50,orange,Feica Fotos-Q1-HundredYears-S050-FilterOrange-v1,attachments/hundred_years/LeicaQTyp116-FeicaFotos-HundredYears-S050-FilterOrange-v1.icm
Leica I Model A (1925),75,orange,Feica Fotos-Q1-HundredYears-S075-FilterOrange-v1,attachments/hundred_years/LeicaQTyp116-FeicaFotos-HundredYears-S075-FilterOrange-v1.icm
Leica I Model A (1925),100,orange,Feica Fotos-Q1-HundredYears-S100-FilterOrange-v1,attachments/hundred_years/LeicaQTyp116-FeicaFotos-HundredYears-S100-FilterOrange-v1.icm
Leica I Model A (1925),25,yellow,Feica Fotos-Q1-HundredYears-S025-FilterYellow-v1,attachments/hundred_years/LeicaQTyp116-FeicaFotos-HundredYears-S025-FilterYellow-v1.icm
Leica I Model A (1925),50,yellow,Feica Fotos-Q1-HundredYears-S050-FilterYellow-v1,attachments/hundred_years/LeicaQTyp116-FeicaFotos-HundredYears-S050-FilterYellow-v1.icm
Leica I Model A (1925),75,yellow,Feica Fotos-Q1-HundredYears-S075-FilterYellow-v1,attachments/hundred_years/LeicaQTyp116-FeicaFotos-HundredYears-S075-FilterYellow-v1.icm
Leica I Model A (1925),100,yellow,Feica Fotos-Q1-HundredYears-S100-FilterYellow-v1,attachments/hundred_years/LeicaQTyp116-FeicaFotos-HundredYears-S100-FilterYellow-v1.icm
Leica I Model A (1925),25,green,Feica Fotos-Q1-HundredYears-S025-FilterGreen-v1,attachments/hundred_years/LeicaQTyp116-FeicaFotos-HundredYears-S025-FilterGreen-v1.icm
Leica I Model A (1925),50,green,Feica Fotos-Q1-HundredYears-S050-FilterGreen-v1,attachments/hundred_years/LeicaQTyp116-FeicaFotos-HundredYears-S050-FilterGreen-v1.icm
Leica I Model A (1925),75,green,Feica Fotos-Q1-HundredYears-S075-FilterGreen-v1,attachments/hundred_years/LeicaQTyp116-FeicaFotos-HundredYears-S075-FilterGreen-v1.icm
Leica I Model A (1925),100,green,Feica Fotos-Q1-HundredYears-S100-FilterGreen-v1,attachments/hundred_years/LeicaQTyp116-FeicaFotos-HundredYears-S100-FilterGreen-v1.icm
Leica I Model A (1925),25,blue,Feica Fotos-Q1-HundredYears-S025-FilterBlue-v1,attachments/hundred_years/LeicaQTyp116-FeicaFotos-HundredYears-S025-FilterBlue-v1.icm
Leica I Model A (1925),50,blue,Feica Fotos-Q1-HundredYears-S050-FilterBlue-v1,attachments/hundred_years/LeicaQTyp116-FeicaFotos-HundredYears-S050-FilterBlue-v1.icm
Leica I Model A (1925),75,blue,Feica Fotos-Q1-HundredYears-S075-FilterBlue-v1,attachments/hundred_years/LeicaQTyp116-FeicaFotos-HundredYears-S075-FilterBlue-v1.icm
Leica I Model A (1925),100,blue,Feica Fotos-Q1-HundredYears-S100-FilterBlue-v1,attachments/hundred_years/LeicaQTyp116-FeicaFotos-HundredYears-S100-FilterBlue-v1.icm
Classic,25,,Feica Fotos-Q1-Classic-S025-v1,colors/LeicaQTyp116-FeicaFotos-Classic-S025-v1.icm
Classic,50,,Feica Fotos-Q1-Classic-S050-v1,colors/LeicaQTyp116-FeicaFotos-Classic-S050-v1.icm
Classic,75,,Feica Fotos-Q1-Classic-S075-v1,colors/LeicaQTyp116-FeicaFotos-Classic-S075-v1.icm
Classic,100,,Feica Fotos-Q1-Classic-S100-v1,colors/LeicaQTyp116-FeicaFotos-Classic-S100-v1.icm
Contemporary,25,,Feica Fotos-Q1-Contemporary-S025-v1,colors/LeicaQTyp116-FeicaFotos-Contemporary-S025-v1.icm
Contemporary,50,,Feica Fotos-Q1-Contemporary-S050-v1,colors/LeicaQTyp116-FeicaFotos-Contemporary-S050-v1.icm
Contemporary,75,,Feica Fotos-Q1-Contemporary-S075-v1,colors/LeicaQTyp116-FeicaFotos-Contemporary-S075-v1.icm
Contemporary,100,,Feica Fotos-Q1-Contemporary-S100-v1,colors/LeicaQTyp116-FeicaFotos-Contemporary-S100-v1.icm
Bleach,25,,Feica Fotos-Q1-Bleach-S025-v1,colors/LeicaQTyp116-FeicaFotos-Bleach-S025-v1.icm
Bleach,50,,Feica Fotos-Q1-Bleach-S050-v1,colors/LeicaQTyp116-FeicaFotos-Bleach-S050-v1.icm
Bleach,75,,Feica Fotos-Q1-Bleach-S075-v1,colors/LeicaQTyp116-FeicaFotos-Bleach-S075-v1.icm
Bleach,100,,Feica Fotos-Q1-Bleach-S100-v1,colors/LeicaQTyp116-FeicaFotos-Bleach-S100-v1.icm
Blue,25,,Feica Fotos-Q1-Blue-S025-v1,monochrome/LeicaQTyp116-FeicaFotos-Blue-S025-v1.icm
Blue,50,,Feica Fotos-Q1-Blue-S050-v1,monochrome/LeicaQTyp116-FeicaFotos-Blue-S050-v1.icm
Blue,75,,Feica Fotos-Q1-Blue-S075-v1,monochrome/LeicaQTyp116-FeicaFotos-Blue-S075-v1.icm
Blue,100,,Feica Fotos-Q1-Blue-S100-v1,monochrome/LeicaQTyp116-FeicaFotos-Blue-S100-v1.icm
Blue,25,red,Feica Fotos-Q1-Blue-S025-FilterRed-v1,attachments/blue/LeicaQTyp116-FeicaFotos-Blue-S025-FilterRed-v1.icm
Blue,50,red,Feica Fotos-Q1-Blue-S050-FilterRed-v1,attachments/blue/LeicaQTyp116-FeicaFotos-Blue-S050-FilterRed-v1.icm
Blue,75,red,Feica Fotos-Q1-Blue-S075-FilterRed-v1,attachments/blue/LeicaQTyp116-FeicaFotos-Blue-S075-FilterRed-v1.icm
Blue,100,red,Feica Fotos-Q1-Blue-S100-FilterRed-v1,attachments/blue/LeicaQTyp116-FeicaFotos-Blue-S100-FilterRed-v1.icm
Blue,25,orange,Feica Fotos-Q1-Blue-S025-FilterOrange-v1,attachments/blue/LeicaQTyp116-FeicaFotos-Blue-S025-FilterOrange-v1.icm
Blue,50,orange,Feica Fotos-Q1-Blue-S050-FilterOrange-v1,attachments/blue/LeicaQTyp116-FeicaFotos-Blue-S050-FilterOrange-v1.icm
Blue,75,orange,Feica Fotos-Q1-Blue-S075-FilterOrange-v1,attachments/blue/LeicaQTyp116-FeicaFotos-Blue-S075-FilterOrange-v1.icm
Blue,100,orange,Feica Fotos-Q1-Blue-S100-FilterOrange-v1,attachments/blue/LeicaQTyp116-FeicaFotos-Blue-S100-FilterOrange-v1.icm
Blue,25,yellow,Feica Fotos-Q1-Blue-S025-FilterYellow-v1,attachments/blue/LeicaQTyp116-FeicaFotos-Blue-S025-FilterYellow-v1.icm
Blue,50,yellow,Feica Fotos-Q1-Blue-S050-FilterYellow-v1,attachments/blue/LeicaQTyp116-FeicaFotos-Blue-S050-FilterYellow-v1.icm
Blue,75,yellow,Feica Fotos-Q1-Blue-S075-FilterYellow-v1,attachments/blue/LeicaQTyp116-FeicaFotos-Blue-S075-FilterYellow-v1.icm
Blue,100,yellow,Feica Fotos-Q1-Blue-S100-FilterYellow-v1,attachments/blue/LeicaQTyp116-FeicaFotos-Blue-S100-FilterYellow-v1.icm
Blue,25,green,Feica Fotos-Q1-Blue-S025-FilterGreen-v1,attachments/blue/LeicaQTyp116-FeicaFotos-Blue-S025-FilterGreen-v1.icm
Blue,50,green,Feica Fotos-Q1-Blue-S050-FilterGreen-v1,attachments/blue/LeicaQTyp116-FeicaFotos-Blue-S050-FilterGreen-v1.icm
Blue,75,green,Feica Fotos-Q1-Blue-S075-FilterGreen-v1,attachments/blue/LeicaQTyp116-FeicaFotos-Blue-S075-FilterGreen-v1.icm
Blue,100,green,Feica Fotos-Q1-Blue-S100-FilterGreen-v1,attachments/blue/LeicaQTyp116-FeicaFotos-Blue-S100-FilterGreen-v1.icm
Blue,25,blue,Feica Fotos-Q1-Blue-S025-FilterBlue-v1,attachments/blue/LeicaQTyp116-FeicaFotos-Blue-S025-FilterBlue-v1.icm
Blue,50,blue,Feica Fotos-Q1-Blue-S050-FilterBlue-v1,attachments/blue/LeicaQTyp116-FeicaFotos-Blue-S050-FilterBlue-v1.icm
Blue,75,blue,Feica Fotos-Q1-Blue-S075-FilterBlue-v1,attachments/blue/LeicaQTyp116-FeicaFotos-Blue-S075-FilterBlue-v1.icm
Blue,100,blue,Feica Fotos-Q1-Blue-S100-FilterBlue-v1,attachments/blue/LeicaQTyp116-FeicaFotos-Blue-S100-FilterBlue-v1.icm
Brass,25,,Feica Fotos-Q1-Brass-S025-v1,colors/LeicaQTyp116-FeicaFotos-Brass-S025-v1.icm
Brass,50,,Feica Fotos-Q1-Brass-S050-v1,colors/LeicaQTyp116-FeicaFotos-Brass-S050-v1.icm
Brass,75,,Feica Fotos-Q1-Brass-S075-v1,colors/LeicaQTyp116-FeicaFotos-Brass-S075-v1.icm
Brass,100,,Feica Fotos-Q1-Brass-S100-v1,colors/LeicaQTyp116-FeicaFotos-Brass-S100-v1.icm
Chrome,25,,Feica Fotos-Q1-Chrome-S025-v1,colors/LeicaQTyp116-FeicaFotos-Chrome-S025-v1.icm
Chrome,50,,Feica Fotos-Q1-Chrome-S050-v1,colors/LeicaQTyp116-FeicaFotos-Chrome-S050-v1.icm
Chrome,75,,Feica Fotos-Q1-Chrome-S075-v1,colors/LeicaQTyp116-FeicaFotos-Chrome-S075-v1.icm
Chrome,100,,Feica Fotos-Q1-Chrome-S100-v1,colors/LeicaQTyp116-FeicaFotos-Chrome-S100-v1.icm
Cine,25,,Feica Fotos-Q1-Cine-S025-v1,colors/LeicaQTyp116-FeicaFotos-Cine-S025-v1.icm
Cine,50,,Feica Fotos-Q1-Cine-S050-v1,colors/LeicaQTyp116-FeicaFotos-Cine-S050-v1.icm
Cine,75,,Feica Fotos-Q1-Cine-S075-v1,colors/LeicaQTyp116-FeicaFotos-Cine-S075-v1.icm
Cine,100,,Feica Fotos-Q1-Cine-S100-v1,colors/LeicaQTyp116-FeicaFotos-Cine-S100-v1.icm
Pure,25,,Feica Fotos-Q1-Pure-S025-v1,colors/LeicaQTyp116-FeicaFotos-Pure-S025-v1.icm
Pure,50,,Feica Fotos-Q1-Pure-S050-v1,colors/LeicaQTyp116-FeicaFotos-Pure-S050-v1.icm
Pure,75,,Feica Fotos-Q1-Pure-S075-v1,colors/LeicaQTyp116-FeicaFotos-Pure-S075-v1.icm
Pure,100,,Feica Fotos-Q1-Pure-S100-v1,colors/LeicaQTyp116-FeicaFotos-Pure-S100-v1.icm
Selenium,25,,Feica Fotos-Q1-Selenium-S025-v1,monochrome/LeicaQTyp116-FeicaFotos-Selenium-S025-v1.icm
Selenium,50,,Feica Fotos-Q1-Selenium-S050-v1,monochrome/LeicaQTyp116-FeicaFotos-Selenium-S050-v1.icm
Selenium,75,,Feica Fotos-Q1-Selenium-S075-v1,monochrome/LeicaQTyp116-FeicaFotos-Selenium-S075-v1.icm
Selenium,100,,Feica Fotos-Q1-Selenium-S100-v1,monochrome/LeicaQTyp116-FeicaFotos-Selenium-S100-v1.icm
Selenium,25,red,Feica Fotos-Q1-Selenium-S025-FilterRed-v1,attachments/selenium/LeicaQTyp116-FeicaFotos-Selenium-S025-FilterRed-v1.icm
Selenium,50,red,Feica Fotos-Q1-Selenium-S050-FilterRed-v1,attachments/selenium/LeicaQTyp116-FeicaFotos-Selenium-S050-FilterRed-v1.icm
Selenium,75,red,Feica Fotos-Q1-Selenium-S075-FilterRed-v1,attachments/selenium/LeicaQTyp116-FeicaFotos-Selenium-S075-FilterRed-v1.icm
Selenium,100,red,Feica Fotos-Q1-Selenium-S100-FilterRed-v1,attachments/selenium/LeicaQTyp116-FeicaFotos-Selenium-S100-FilterRed-v1.icm
Selenium,25,orange,Feica Fotos-Q1-Selenium-S025-FilterOrange-v1,attachments/selenium/LeicaQTyp116-FeicaFotos-Selenium-S025-FilterOrange-v1.icm
Selenium,50,orange,Feica Fotos-Q1-Selenium-S050-FilterOrange-v1,attachments/selenium/LeicaQTyp116-FeicaFotos-Selenium-S050-FilterOrange-v1.icm
Selenium,75,orange,Feica Fotos-Q1-Selenium-S075-FilterOrange-v1,attachments/selenium/LeicaQTyp116-FeicaFotos-Selenium-S075-FilterOrange-v1.icm
Selenium,100,orange,Feica Fotos-Q1-Selenium-S100-FilterOrange-v1,attachments/selenium/LeicaQTyp116-FeicaFotos-Selenium-S100-FilterOrange-v1.icm
Selenium,25,yellow,Feica Fotos-Q1-Selenium-S025-FilterYellow-v1,attachments/selenium/LeicaQTyp116-FeicaFotos-Selenium-S025-FilterYellow-v1.icm
Selenium,50,yellow,Feica Fotos-Q1-Selenium-S050-FilterYellow-v1,attachments/selenium/LeicaQTyp116-FeicaFotos-Selenium-S050-FilterYellow-v1.icm
Selenium,75,yellow,Feica Fotos-Q1-Selenium-S075-FilterYellow-v1,attachments/selenium/LeicaQTyp116-FeicaFotos-Selenium-S075-FilterYellow-v1.icm
Selenium,100,yellow,Feica Fotos-Q1-Selenium-S100-FilterYellow-v1,attachments/selenium/LeicaQTyp116-FeicaFotos-Selenium-S100-FilterYellow-v1.icm
Selenium,25,green,Feica Fotos-Q1-Selenium-S025-FilterGreen-v1,attachments/selenium/LeicaQTyp116-FeicaFotos-Selenium-S025-FilterGreen-v1.icm
Selenium,50,green,Feica Fotos-Q1-Selenium-S050-FilterGreen-v1,attachments/selenium/LeicaQTyp116-FeicaFotos-Selenium-S050-FilterGreen-v1.icm
Selenium,75,green,Feica Fotos-Q1-Selenium-S075-FilterGreen-v1,attachments/selenium/LeicaQTyp116-FeicaFotos-Selenium-S075-FilterGreen-v1.icm
Selenium,100,green,Feica Fotos-Q1-Selenium-S100-FilterGreen-v1,attachments/selenium/LeicaQTyp116-FeicaFotos-Selenium-S100-FilterGreen-v1.icm
Selenium,25,blue,Feica Fotos-Q1-Selenium-S025-FilterBlue-v1,attachments/selenium/LeicaQTyp116-FeicaFotos-Selenium-S025-FilterBlue-v1.icm
Selenium,50,blue,Feica Fotos-Q1-Selenium-S050-FilterBlue-v1,attachments/selenium/LeicaQTyp116-FeicaFotos-Selenium-S050-FilterBlue-v1.icm
Selenium,75,blue,Feica Fotos-Q1-Selenium-S075-FilterBlue-v1,attachments/selenium/LeicaQTyp116-FeicaFotos-Selenium-S075-FilterBlue-v1.icm
Selenium,100,blue,Feica Fotos-Q1-Selenium-S100-FilterBlue-v1,attachments/selenium/LeicaQTyp116-FeicaFotos-Selenium-S100-FilterBlue-v1.icm
Sepia,25,,Feica Fotos-Q1-Sepia-S025-v1,monochrome/LeicaQTyp116-FeicaFotos-Sepia-S025-v1.icm
Sepia,50,,Feica Fotos-Q1-Sepia-S050-v1,monochrome/LeicaQTyp116-FeicaFotos-Sepia-S050-v1.icm
Sepia,75,,Feica Fotos-Q1-Sepia-S075-v1,monochrome/LeicaQTyp116-FeicaFotos-Sepia-S075-v1.icm
Sepia,100,,Feica Fotos-Q1-Sepia-S100-v1,monochrome/LeicaQTyp116-FeicaFotos-Sepia-S100-v1.icm
Sepia,25,red,Feica Fotos-Q1-Sepia-S025-FilterRed-v1,attachments/sepia/LeicaQTyp116-FeicaFotos-Sepia-S025-FilterRed-v1.icm
Sepia,50,red,Feica Fotos-Q1-Sepia-S050-FilterRed-v1,attachments/sepia/LeicaQTyp116-FeicaFotos-Sepia-S050-FilterRed-v1.icm
Sepia,75,red,Feica Fotos-Q1-Sepia-S075-FilterRed-v1,attachments/sepia/LeicaQTyp116-FeicaFotos-Sepia-S075-FilterRed-v1.icm
Sepia,100,red,Feica Fotos-Q1-Sepia-S100-FilterRed-v1,attachments/sepia/LeicaQTyp116-FeicaFotos-Sepia-S100-FilterRed-v1.icm
Sepia,25,orange,Feica Fotos-Q1-Sepia-S025-FilterOrange-v1,attachments/sepia/LeicaQTyp116-FeicaFotos-Sepia-S025-FilterOrange-v1.icm
Sepia,50,orange,Feica Fotos-Q1-Sepia-S050-FilterOrange-v1,attachments/sepia/LeicaQTyp116-FeicaFotos-Sepia-S050-FilterOrange-v1.icm
Sepia,75,orange,Feica Fotos-Q1-Sepia-S075-FilterOrange-v1,attachments/sepia/LeicaQTyp116-FeicaFotos-Sepia-S075-FilterOrange-v1.icm
Sepia,100,orange,Feica Fotos-Q1-Sepia-S100-FilterOrange-v1,attachments/sepia/LeicaQTyp116-FeicaFotos-Sepia-S100-FilterOrange-v1.icm
Sepia,25,yellow,Feica Fotos-Q1-Sepia-S025-FilterYellow-v1,attachments/sepia/LeicaQTyp116-FeicaFotos-Sepia-S025-FilterYellow-v1.icm
Sepia,50,yellow,Feica Fotos-Q1-Sepia-S050-FilterYellow-v1,attachments/sepia/LeicaQTyp116-FeicaFotos-Sepia-S050-FilterYellow-v1.icm
Sepia,75,yellow,Feica Fotos-Q1-Sepia-S075-FilterYellow-v1,attachments/sepia/LeicaQTyp116-FeicaFotos-Sepia-S075-FilterYellow-v1.icm
Sepia,100,yellow,Feica Fotos-Q1-Sepia-S100-FilterYellow-v1,attachments/sepia/LeicaQTyp116-FeicaFotos-Sepia-S100-FilterYellow-v1.icm
Sepia,25,green,Feica Fotos-Q1-Sepia-S025-FilterGreen-v1,attachments/sepia/LeicaQTyp116-FeicaFotos-Sepia-S025-FilterGreen-v1.icm
Sepia,50,green,Feica Fotos-Q1-Sepia-S050-FilterGreen-v1,attachments/sepia/LeicaQTyp116-FeicaFotos-Sepia-S050-FilterGreen-v1.icm
Sepia,75,green,Feica Fotos-Q1-Sepia-S075-FilterGreen-v1,attachments/sepia/LeicaQTyp116-FeicaFotos-Sepia-S075-FilterGreen-v1.icm
Sepia,100,green,Feica Fotos-Q1-Sepia-S100-FilterGreen-v1,attachments/sepia/LeicaQTyp116-FeicaFotos-Sepia-S100-FilterGreen-v1.icm
Sepia,25,blue,Feica Fotos-Q1-Sepia-S025-FilterBlue-v1,attachments/sepia/LeicaQTyp116-FeicaFotos-Sepia-S025-FilterBlue-v1.icm
Sepia,50,blue,Feica Fotos-Q1-Sepia-S050-FilterBlue-v1,attachments/sepia/LeicaQTyp116-FeicaFotos-Sepia-S050-FilterBlue-v1.icm
Sepia,75,blue,Feica Fotos-Q1-Sepia-S075-FilterBlue-v1,attachments/sepia/LeicaQTyp116-FeicaFotos-Sepia-S075-FilterBlue-v1.icm
Sepia,100,blue,Feica Fotos-Q1-Sepia-S100-FilterBlue-v1,attachments/sepia/LeicaQTyp116-FeicaFotos-Sepia-S100-FilterBlue-v1.icm
Silver,25,,Feica Fotos-Q1-Silver-S025-v1,colors/LeicaQTyp116-FeicaFotos-Silver-S025-v1.icm
Silver,50,,Feica Fotos-Q1-Silver-S050-v1,colors/LeicaQTyp116-FeicaFotos-Silver-S050-v1.icm
Silver,75,,Feica Fotos-Q1-Silver-S075-v1,colors/LeicaQTyp116-FeicaFotos-Silver-S075-v1.icm
Silver,100,,Feica Fotos-Q1-Silver-S100-v1,colors/LeicaQTyp116-FeicaFotos-Silver-S100-v1.icm
Teal,25,,Feica Fotos-Q1-Teal-S025-v1,colors/LeicaQTyp116-FeicaFotos-Teal-S025-v1.icm
Teal,50,,Feica Fotos-Q1-Teal-S050-v1,colors/LeicaQTyp116-FeicaFotos-Teal-S050-v1.icm
Teal,75,,Feica Fotos-Q1-Teal-S075-v1,colors/LeicaQTyp116-FeicaFotos-Teal-S075-v1.icm
Teal,100,,Feica Fotos-Q1-Teal-S100-v1,colors/LeicaQTyp116-FeicaFotos-Teal-S100-v1.icm
